InvoiceNo,ShippingKey
536545,2107
537081,2156
540544,3440
536993,1078
536799,3996
541220,4505
538201,221
543293,718
537013,3103
540169,4432
539077,1296
539096,3335
544412,4903
537567,1159
537839,2169
541596,2570
542105,1621
537253,2161
544166,3846
540990,4521
537599,2120
544075,3843
539989,4378
544051,4891
537681,188
540473,1437
C544038,3781
544292,2883
539727,2403
542797,2668
540977,3500
C540784,4473
C542101,1620
541631,2551
C543742,2811
538296,4121
542646,1712
542394,2644
544666,3855
C540400,397
544472,2869
543188,3725
C536642,4090
542863,4749
536403,988
540353,406
542241,624
540399,1488
543481,766
537861,1144
C543992,2816
536629,3083
543113,709
540514,1480
541848,1604
544689,2936
536460,3005
544945,904
544326,2852
543977,2856
537225,4034
541267,4574
540779,424
536988,3041
539050,300
543466,2788
541216,455
544837,1937
C541009,3489
544936,957
C539072,1246
544717,1945
540459,4454
545045,959
538206,123
545414,983
539456,2368
544776,2895
C538628,3299
C543749,746
C543611,754
C543442,2764
536423,4002
C537856,160
544308,809
538306,1173
537401,1200
542788,4722
536840,2013
C538103,2202
541670,3578
542794,696
543474,735
543642,2808
537012,3054
542649,4745
537865,116
540522,3478
542255,3636
543255,4767
537679,2230
537313,3131
541505,4560
541251,501
544039,815
539257,3279
538180,144
542599,658
537809,3097
542997,666
540161,2417
536797,4011
537816,199
537226,2094
542778,2706
C538734,247
544077,3824
542081,2602
542215,4665
541133,485
544147,841
536618,4042
537469,4086
536533,2008
543770,792
537618,3135
540858,3499
C539278,1374
537217,105
536764,1060
541969,4662
C540559,2465
C541653,2595
536819,3024
541973,3593
542777,3677
543534,4791
545235,2983
536982,3031
539571,3384
537759,4112
538418,224
538191,3247
543355,3727
536796,4073
537158,3105
544165,1852
539243,2329
538352,4182
537675,3196
C540950,1499
542102,2617
C539603,3342
539446,309
537301,3109
539831,3390
540100,3432
C538124,4201
544168,826
539455,254
542925,1724
537609,2075
C540417,2437
C542635,638
543463,1775
545302,978
537197,4061
C539945,4370
539414,320
543055,1728
536534,3983
537111,1065
C543743,810
C540837,1485
537538,3133
538646,1282
C543744,3757
C543834,1856
537871,4114
539181,4299
537468,1089
542364,4667
C542748,4682
537770,2148
537041,3056
540816,463
538534,1323
536810,2012
544817,3915
544893,3926
541672,2571
540795,1514
537227,2115
C540271,3417
541988,557
538209,1264
537362,2142
543348,2755
539395,317
537154,2158
538710,2322
540461,4480
C544184,2865
539561,4365
540146,2458
536751,3069
543672,4797
536690,1057
539646,344
540024,1417
543008,1720
541977,2592
544772,3907
539101,1357
543171,3746
C543838,1857
542636,2665
C544696,2951
541592,3538
543656,3775
541038,4514
C539287,2308
542627,3716
541006,4512
541949,538
541517,504
539052,2315
538508,1306
543774,1855
542221,622
542269,633
C538350,2175
539434,2321
545046,2963
539656,329
537436,1087
537806,1232
539723,1382
C538536,2228
544768,2937
543598,4846
542252,2658
538211,4253
543253,1782
541871,4649
542581,4712
543400,750
536386,2078
538051,2221
542789,3686
543391,3758
542633,1695
543411,2750
542584,1662
544482,2880
C537416,3093
537059,3104
536750,51
541606,550
538514,3252
542382,650
538630,1268
539415,1377
538797,2323
539572,348
540186,428
544585,2890
540800,3507
540504,4492
542133,2634
536865,3998
541286,4540
542419,1635
543983,2837
539485,1399
C543772,793
545016,958
537192,2137
543279,2754
544074,3842
544197,852
C541787,3554
536859,2131
C541694,2572
538186,4158
540945,4527
538194,1193
544109,3809
C538682,2296
540999,1487
544354,1900
538453,2225
538830,2282
542538,2680
542911,2690
542545,3639
C538768,269
539921,353
C543662,2778
C542092,585
543804,811
537003,1079
538069,1148
536811,4057
540172,1470
543739,1825
536787,2051
536960,3040
C541257,4539
538499,1240
537427,2118
C543741,2779
536397,39
C537406,3154
C539329,2366
539286,4267
542583,2683
543189,2763
544293,2851
536794,12
C536820,3017
C539277,3336
542131,598
542231,3609
C537824,134
540688,488
545400,2967
544160,3837
538403,266
537045,4123
539010,4328
C542637,3675
543731,769
538008,2219
C538357,2223
544178,4883
543378,2780
543995,803
543192,2742
536593,3064
536736,2010
540496,3412
538523,2240
536786,2063
542213,3608
542515,4692
545030,2931
540477,4438
537382,1108
C539270,2342
544350,3851
541677,1579
C538376,2271
539734,351
539008,1332
540819,4486
542858,1737
540842,2506
541783,2588
543383,4782
537127,3057
C538642,4244
537195,1126
540288,3455
541294,4575
538528,2241
537449,3155
540769,1507
536612,2061
541841,4623
C543765,801
536535,2059
C541693,2546
545214,915
C536853,2066
542965,1761
545058,1989
539742,1395
C544507,3902
542622,4714
539401,1302
541869,1637
544306,853
540375,3436
538470,1280
537015,1081
543238,1770
539112,4264
542613,1676
543043,2737
C539271,3352
542216,3617
544156,4873
541976,2591
542529,2679
544969,4976
C538771,285
542253,2672
C543644,3754
536594,4038
537002,36
544825,954
536858,2027
545017,941
536992,1018
543800,1865
539014,3305
542903,673
540512,2481
538420,3226
538097,204
540646,1504
539641,4380
542594,2684
542025,610
543169,2748
538117,4135
C541284,481
542351,2673
544795,2896
541362,3542
539738,363
541996,3606
543377,3752
544656,1954
C537597,1090
541087,2489
540369,4395
536372,48
C542078,611
C543620,2802
539070,3334
C544575,3874
542600,2663
537828,4175
541682,545
537201,1051
536398,3989
538171,182
543470,3744
540691,1494
543464,2799
536619,3991
538096,4118
536617,3065
544183,4892
538638,284
539314,4268
540043,404
C540384,2472
543520,1789
542571,2694
544191,4886
537265,3108
544476,3860
544454,3891
543652,4838
544199,861
537393,3132
541043,1543
544198,2850
543283,4819
536562,5
C540246,4392
536581,1009
544084,3800
539435,4302
538944,4338
542568,653
541013,484
543232,2728
543254,2730
543976,2836
544573,4905
C537853,201
536973,3052
545347,982
C539944,2377
543486,2790
541429,3560
543993,4864
543053,4761
544152,1915
543181,680
538841,1330
542374,4675
537262,4126
543533,1778
536598,2082
545415,3971
539400,2360
541812,3555
539412,4334
540541,432
542377,1669
538143,2153
C539289,2320
543111,3740
544307,829
537426,3110
544311,880
537009,2088
537829,3099
542779,1736
537380,2097
540482,2424
541864,2590
C543632,3773
537789,189
C540786,448
536846,1101
C539071,1274
540799,2497
538812,3315
537868,1166
542725,4703
542868,3687
539951,2411
539453,336
540261,1471
C544099,3802
539732,4337
537465,89
537837,2218
C539709,3359
538566,282
538532,3239
544347,845
536801,2053
C538802,4248
542716,4730
536748,2034
539639,3385
C543551,4827
537370,77
C539949,331
544398,892
540357,1454
539421,2344
543836,2843
541883,4600
536809,4012
540355,4403
545413,5000
C538102,165
542561,1684
543597,1803
C538375,2208
541991,3633
544079,4898
538065,220
544390,4915
540671,1491
543294,1812
C545033,2972
540838,3444
544574,2889
544478,2910
544101,3803
538817,270
538999,1341
539955,2413
537040,3127
544996,912
537027,1021
541810,1595
538541,2311
538884,2246
539034,4251
545071,1971
542354,600
544283,1885
540275,3423
542531,4676
538664,217
541615,542
540684,1493
539465,2395
544055,818
539490,4379
541997,3645
544690,3897
542242,632
537892,3188
541275,528
C541235,2541
536848,4095
541797,576
544932,956
539654,1391
536759,3011
537221,1128
544636,3913
542109,3598
C543607,3783
542673,1714
536841,4013
544395,1887
539743,2392
540637,4469
541788,4607
543693,1808
542432,642
543247,3732
543385,3742
544322,3815
537459,1110
539422,3362
543921,3831
C538705,4232
538639,4287
543461,2757
536597,4040
542349,1616
C543026,1740
544059,1882
537335,3152
543733,3776
543096,4762
543803,1840
C537333,4048
544073,837
545300,973
C541833,4599
540855,457
543274,1809
540374,3429
539102,2352
545022,942
C540403,4464
540675,4470
537026,1020
537405,1131
540517,1447
538785,2258
542254,567
544271,3826
C538804,1289
537131,86
545021,2939
540970,1509
540558,3469
543357,1819
537489,3079
C538700,2335
544193,4910
545417,1994
537215,4065
539262,2331
541862,3573
541756,4616
C541231,4525
544042,4897
C538692,2312
541995,3581
543900,1848
C536548,1029
537035,3088
538128,3221
540126,3401
541316,4541
545034,930
544926,2906
537592,4164
536573,4004
540227,4433
538093,2233
537058,169
539294,2378
C541674,2596
536778,1043
541260,3550
539725,4361
543619,4809
544933,2907
538043,3122
C544561,4921
539840,364
543196,1744
542406,2613
544681,2903
543732,4839
C541826,2567
541875,563
538683,4219
539740,4369
544190,4885
544399,1903
538370,210
543200,716
536382,990
543532,3782
542735,661
538120,2173
543798,3778
C543356,4781
C541689,3547
543045,677
544925,927
538188,3148
C538681,4289
545070,4986
538863,1254
541903,2600
544088,3833
542135,612
542098,1631
537052,3043
537155,3129
536738,4010
536401,1038
542224,1632
545075,3928
539049,4236
543554,4808
542849,706
537881,2149
537034,71
542134,1654
C543636,1832
544792,3878
544847,4955
545140,934
536607,4005
538951,4260
540418,4430
C539605,328
C542262,4686
541932,1597
538104,2127
542921,2733
543973,3769
545349,4981
539007,2302
537153,3059
C538720,2257
541409,3531
537244,2055
542156,4654
537415,1086
C543635,1831
543552,3793
536374,3007
537044,2054
542718,4747
542547,618
538839,1245
541241,1563
539247,2354
543258,1783
539006,233
544046,825
543527,3738
542129,597
C538085,1190
C540164,383
543899,2825
541138,510
538814,2324
540274,2443
544103,1883
539744,4381
C544584,4907
545279,984
537156,1106
538139,1192
541521,4615
537523,4106
539041,4295
C542734,4681
540493,3450
539635,2382
C540944,475
539579,1365
C539054,2304
539479,3330
542284,3661
C538806,4249
537698,132
537598,2119
537050,72
538687,1309
542544,2701
C544655,4939
C539110,235
C541964,4612
543019,3701
536852,1061
543308,3751
543358,739
536529,1027
538205,3236
544664,4940
538004,162
537608,186
540157,1443
542277,4673
539118,2353
539731,3381
543484,4823
537792,1181
538800,3254
C541232,4507
538249,168
542923,4706
543545,1823
537793,3230
543476,765
C537860,2184
539631,371
545236,4997
537761,1139
542790,3678
536844,83
537895,2200
543660,4811
536672,1072
536793,3016
538625,3283
C544437,4943
C541688,3585
542266,1645
537886,2150
537464,2196
C537445,3112
540416,2473
538860,3256
538007,1248
543056,1741
537409,2072
C536760,2128
541865,4611
C539866,1402
540167,3447
541207,3503
543668,776
541246,4573
542396,589
544467,1932
544911,2920
537005,4000
537794,4193
C538695,268
540676,1492
543030,2698
541115,4533
542112,1679
C542245,2657
537665,4147
536477,41
539255,1258
C544570,1908
540465,3439
544565,2870
540502,2480
543827,3797
C543671,1807
544352,1899
538591,2275
538182,3190
544309,4870
536604,994
543178,3735
541131,3477
545327,3957
541836,549
542664,1713
544699,899
539098,3320
544685,3906
543673,777
540029,377
541989,1619
540481,2456
537872,1233
540508,1501
537435,3111
538689,3271
537650,4109
541971,1638
544185,4893
C544442,4959
540550,461
541792,524
540187,391
540350,419
541878,609
543912,1834
545065,1995
537130,4032
544691,4969
538828,1353
545166,1991
544822,937
541669,1574
539856,2408
541993,4603
541488,3576
542597,1709
539009,1355
538861,1271
536969,4046
538113,4157
C543786,761
544072,1874
540859,2516
540008,3406
538177,4180
538108,180
536986,1049
537875,191
536849,3997
C539276,4301
543920,848
536387,1025
C543763,1839
536552,3985
536596,30
539717,349
C537835,1184
544444,863
C539661,1392
539953,2412
540802,4484
538359,1219
537509,2181
536558,3034
540826,465
539981,3392
540349,4421
538363,184
541658,543
538856,2301
C538098,3246
538516,3297
543428,1766
540265,4461
C543347,3770
545230,2977
542605,4680
536623,19
539053,301
543032,3681
538910,2247
C541589,4579
C541779,4591
537686,1092
C540949,3472
540269,2460
541123,1517
540562,4494
541570,4548
539498,358
544700,917
539477,4372
542553,652
538709,2245
543821,3788
541816,4608
C542421,4668
C536625,31
537423,150
542005,1663
540184,3416
543179,1780
542276,3649
541854,2609
539737,4386
540489,412
545086,1990
539736,3333
545072,1997
C543819,2805
544644,3863
538815,4257
536803,1017
538163,2204
C543841,3830
537133,1022
C541117,460
C539301,1344
542694,3665
C539596,3370
C537413,4069
541850,4619
542212,1665
544418,3870
537231,4066
540017,1430
545027,3900
536780,1014
537256,4068
541431,3526
542992,665
542723,4702
536520,2016
C542403,2637
538288,2206
543022,2735
542624,3706
C537157,3130
537825,2183
537607,3134
C541233,3530
544281,4911
541986,4625
541605,2545
C544679,2935
541987,583
C543766,760
537386,1053
544328,2832
536550,3976
C543042,700
C538463,1279
539408,4269
C540360,4414
544406,1940
C538362,2253
C537024,4030
539954,1406
537775,3138
536415,40
539293,2357
C540853,466
543263,2743
538917,1331
543268,1747
539319,4282
537803,1231
539591,1390
544598,3904
538129,4119
536611,4006
C540270,442
536578,2032
545135,966
540021,1431
C545003,1962
541371,495
C544397,881
539469,4324
541838,2623
543810,2803
538208,3207
543376,720
538871,1338
C541416,1545
544908,2968
C540783,4441
540703,2484
C540643,3495
538449,1197
536637,1071
541609,1573
543099,656
542570,2648
C536817,4094
541870,533
C543185,692
538844,2325
538967,3290
538810,4256
544579,4906
C543603,745
544833,926
537367,2212
C539573,4305
537692,4172
536874,70
C537132,1125
539484,3356
543456,1800
541855,3588
539091,273
542233,2656
542226,2671
536681,4043
543507,774
540682,1465
537020,3087
C544608,4937
C544827,920
541853,2608
541801,4598
C544433,1879
C538373,3268
542580,634
542100,2654
C538702,3301
C542912,4718
539315,3295
542623,3696
544405,1904
536405,2057
544332,3857
536813,3028
539630,2373
542713,4715
C544435,3817
543288,763
542090,1586
538039,3168
544766,1912
536420,82
540093,1467
544660,1924
539449,2367
C540535,2477
544834,2929
C537414,1158
540563,3460
C540860,4519
544167,808
545066,932
545337,2957
539051,287
545301,3002
543480,752
544774,918
538850,1225
543553,2793
C543972,3780
C539448,4303
538049,179
543038,3713
537250,4101
536845,1075
537689,2167
544439,2923
544835,3918
545182,3943
537795,133
537211,4063
C539409,319
C540390,3411
541000,3511
C538081,4134
539722,1404
537670,4170
541119,4522
C543764,3795
C539598,4366
539220,333
542527,1673
541010,483
544319,1863
C541818,3556
C539644,343
C543776,778
542929,1719
540651,1505
538342,2236
541530,4547
538706,1327
541798,3548
542228,4621
539492,338
544404,870
544603,2872
537298,76
541227,1535
538894,4276
536741,3994
540564,1482
544824,2905
540115,1468
542057,1585
537254,75
540534,2495
536788,4054
C541229,4524
537037,2135
540554,1456
537030,2090
540664,2467
544672,3896
544898,4962
539351,316
C544780,1966
539468,3339
C537039,1151
540857,2499
C538904,298
539478,321
C542910,697
C543752,1833
543994,1871
536800,2112
543395,780
C536818,2025
536743,3084
C541656,514
537209,38
536389,1007
536698,1012
539998,3399
541285,519
542902,639
537476,2214
539451,4345
538365,265
543478,751
543630,1815
C543624,1830
541435,2557
540980,3501
C537431,4128
537808,4226
C541222,4479
536528,2031
545037,2962
541963,3613
544087,4859
540532,1502
541518,1568
542759,2732
537884,4176
537643,1068
C539068,2264
544832,3888
539015,1295
538645,2276
541408,2542
543658,3756
537801,1164
540680,3515
540457,443
541795,1594
539297,3309
539226,3323
544495,4920
544607,1952
538003,4197
543802,4857
C542753,655
544391,3882
543168,2752
C539756,1369
C541501,503
537780,1207
542880,4738
537467,2166
544686,2925
544421,2833
544634,2892
538169,4179
540545,4439
539308,253
543370,1820
536525,3990
541483,4587
542996,4752
543098,1742
537624,2146
541265,517
543373,704
539086,1275
541513,3536
536526,2105
541684,2584
537862,3119
538078,2250
537372,4083
542648,1685
543826,795
537885,2171
536605,18
539318,2359
539081,4296
543454,2781
545154,3921
541357,4535
539256,304
544826,919
C542060,1640
539043,2287
539222,1318
540345,1453
536804,2129
539607,2346
C544419,2841
537818,94
C540177,427
C542924,664
542555,1721
540279,3404
540121,1424
538525,1322
545073,976
544058,1890
538154,2203
539379,4321
540778,2530
538187,3204
539316,4252
C539114,4298
536395,8
537800,1182
539650,4336
537658,1137
537434,4070
544204,4900
544162,1851
537390,2056
539749,2361
536488,3006
543034,1726
541414,3522
543909,3820
540642,4510
538905,1293
C542082,3607
542513,643
539296,3361
C539221,314
543645,756
C539097,4297
545043,943
541012,459
537864,3081
540249,3422
540662,3461
543393,4806
540849,4536
543009,4720
543691,758
542192,1623
C543605,1828
543713,1854
542558,2630
543449,764
545339,951
537422,4143
538367,4242
544485,4932
544815,2882
541279,518
543783,3768
538312,3209
539436,4323
537228,1035
539078,2363
538068,3144
540543,3425
C543769,3745
544930,928
536856,3071
542528,3638
538853,4258
544924,2944
537850,4194
540809,2514
C542799,2707
545041,2941
540259,4445
541485,1556
541879,1627
538998,2286
539585,360
C542261,615
542692,3697
537640,4168
536396,3046
542932,4723
542258,599
538248,1265
545309,2991
C542721,2714
540971,468
542630,2664
536884,3039
544937,3935
542890,4704
540405,1489
538633,2242
540540,3452
538252,1172
540985,3487
545176,970
540408,2431
544095,2846
539457,4304
544329,4875
544604,4947
C540781,1508
537199,4033
537407,110
538131,166
537403,1036
536843,2065
C540843,2524
540533,3492
541239,3513
537086,4140
538368,2270
538666,2277
544678,2893
542612,1648
542731,4695
C539657,3380
539582,365
540690,2504
544605,3884
536802,4074
537757,112
542678,1697
541003,3475
537995,119
545020,1950
C538643,3212
537845,2122
541950,594
540996,2508
543379,705
542881,2747
541657,1558
544916,1975
544820,2897
537457,1228
543908,3819
544698,1956
536371,3980
537047,145
543759,785
541218,1526
539263,4318
545077,1999
C542264,2606
541214,3540
C542256,4628
538883,1227
C539948,1396
541283,2547
543007,4725
543124,690
537767,113
539418,280
537138,2157
537685,3160
543934,2807
537451,3078
544803,894
542933,3710
542662,4729
536864,1062
C543608,2762
541584,497
536749,2024
536970,2041
543126,2711
541814,4572
C544557,4933
C542860,1767
536377,3981
C543758,4841
C539712,2399
545149,3953
539995,4407
540476,4465
545216,971
542084,2611
C542259,1657
543913,1870
543174,2759
536735,66
542508,1671
541086,1516
536539,2017
C541704,4570
542715,660
C538115,1211
C537838,3165
C540118,4418
539423,2381
C540503,1496
541970,1618
542867,2653
544041,2862
542530,3683
543796,762
536785,2111
539321,3311
539837,324
543310,2773
536839,1002
544812,3909
543550,731
541127,3529
C541237,4508
545213,4979
539664,2402
C539947,3393
540260,4400
538006,3245
539587,3367
545186,4978
540031,1432
C538112,1150
537381,4161
536463,985
540677,3514
C541089,4551
544940,940
C539707,2391
C541868,4670
539322,293
541271,2527
C544674,877
542691,2686
540943,4499
543128,2699
C536737,3023
544917,4957
C538698,229
540402,2454
C538690,1284
538685,246
536568,997
538808,2259
544657,4923
540987,1524
542505,1659
545079,3951
543133,679
544919,911
539018,2338
536671,32
543664,784
543117,1729
543914,1858
536761,3036
544094,3825
537646,1113
C544665,1925
541966,4602
544804,890
C540841,1532
543047,1751
536977,3053
538158,3232
539099,1373
541695,1576
C544897,1948
541809,3571
538816,4234
537632,2182
536634,1099
542059,4651
538799,1288
539306,307
539714,1381
537738,4189
C542366,4688
C541512,4561
538942,1316
537334,2193
539748,2393
538086,3124
539281,3353
540371,1474
544278,3844
541524,1569
C540379,2453
539144,3321
537399,4049
536805,52
C545277,2984
537867,1165
537239,108
537637,3114
538327,4241
540789,1466
544568,2888
545165,2947
537762,3185
544903,1949
538073,4116
537639,3080
544931,3911
541276,502
540257,4420
C543778,4854
537219,74
538279,1194
537378,1156
541406,2521
540561,3480
539325,3338
541860,1582
542174,1611
544914,1986
545011,4950
539093,2307
543396,4770
538151,181
544968,3920
536883,35
536997,4059
544060,834
538268,2268
536974,47
542389,1625
543285,1755
536635,2083
C536606,3987
536583,1041
C541261,1540
540497,2444
C542094,2604
544453,2861
543115,725
544115,840
539501,347
543369,749
540251,2459
542707,3666
C543771,3786
537876,202
C543290,1792
C538701,3314
539064,3347
544179,3812
538058,164
537140,2093
543487,2791
543176,702
544441,883
543901,1869
540696,2468
540685,3454
C540895,1523
544999,2970
540154,1450
544802,1946
537021,4079
C542589,605
536409,2
541690,1575
538012,3121
543201,1745
537022,2089
537627,1206
540997,2509
543259,4788
536860,69
C542097,1598
542373,1691
543754,1818
539326,4333
542585,4632
536564,10
537028,1105
539285,1298
541491,1567
C542588,4713
542995,4724
542397,590
541413,2562
543822,3789
541272,2555
544155,1895
545215,1980
540009,4408
540839,438
543922,2855
544423,855
544934,2938
541129,1518
543352,2746
544459,4904
541093,2517
539407,279
539250,2355
C538798,2300
544475,2909
542243,1644
537669,4169
540866,4475
540267,394
C540243,1418
544900,879
539447,1362
536832,3988
541649,4596
C542270,2636
543626,783
536367,2076
540511,2445
541703,2553
537773,219
545190,962
540794,2523
539660,345
537233,2192
537134,4141
544836,3889
C537373,4102
538796,4255
545069,4966
C538530,1307
544154,2828
538133,141
541808,525
543459,729
C542693,2666
540835,3509
541980,556
539417,1360
537877,192
538678,2244
C543779,2796
540510,4481
C543244,3714
545237,1992
538518,3178
541484,4593
C537832,114
537210,1082
544351,1886
539952,3394
542783,695
C539568,3312
538665,255
536613,998
538832,2283
542615,607
541412,1555
537018,127
C537251,1175
536985,2155
544807,2918
539708,3372
C542540,3629
544339,854
544063,2826
541881,2575
545155,3942
544207,4901
539109,302
544044,3790
538374,1221
539437,1387
542862,1677
536756,2110
543460,1795
541432,4544
545084,933
540529,431
536987,1005
540018,3400
541011,3524
545326,3956
544202,868
539665,2409
541784,3568
536957,4076
540856,4497
541708,1580
544929,1976
537208,2159
543565,3765
540247,401
540414,2420
540413,3457
536571,3009
542780,670
544469,906
541564,4605
544157,842
536406,2030
538063,4154
C539476,4358
541290,4516
C542352,4642
538526,1242
539269,1321
538899,1339
541815,2598
537371,3061
538137,1169
540701,3443
537247,4100
543911,4843
537360,2096
539450,2310
536582,42
538347,4159
539647,4375
544125,4882
539042,2328
539323,1376
537441,2073
542922,3688
541110,4477
C540938,4498
541500,513
538497,1198
539259,2365
539264,1320
541253,2519
C537417,2116
536544,3047
538369,4270
C538833,4310
540542,1481
C540555,3493
541519,4569
C537581,152
536792,1016
537159,1152
541122,4478
541118,3466
C542593,620
542914,2724
539305,1345
540411,1428
544110,2847
540354,4428
543277,4768
542026,1584
545056,4985
542365,1658
538309,3225
C539035,3346
542246,1634
542542,3657
540635,4451
544661,1955
539551,3366
C536757,98
C539273,263
541250,3525
540647,446
537258,1176
544296,3849
544805,3887
C540952,4528
C539943,4353
539266,305
542065,2593
543017,2697
544896,2930
537412,1085
545311,2948
543044,3721
541998,558
539994,1438
540648,1484
537424,2213
536866,3030
537421,4103
544299,1878
C538099,2188
C538341,3191
539019,4224
536836,1047
537700,3162
537471,4087
540951,477
C542704,1715
542128,3635
537883,96
C543790,779
544643,3914
540750,414
542861,1749
540995,3502
542736,2731
C538847,3273
540478,2422
538366,3267
538010,1096
540116,4412
540179,4442
C543175,4742
544801,3908
542625,637
544970,891
540732,423
536980,1063
543981,789
537395,4084
542535,644
542711,654
545227,1972
536369,2029
541585,4549
538361,2269
C543761,2771
540673,2482
538521,3238
540395,4463
536589,6
536876,2132
541566,506
542994,3689
540352,420
541489,3533
543012,3720
C541897,3624
541259,4566
536567,16
537898,161
544315,2831
536590,3010
C540142,3403
540817,3508
537229,4125
543801,4842
540181,2418
536437,4
540693,2478
536572,3026
543540,3739
536414,2058
540242,405
537636,4146
544348,1918
542223,1666
537628,2121
C541007,508
538679,3313
C544587,4922
542595,1732
C544310,1862
542836,2696
540549,3504
540687,1506
C539600,2371
541001,4490
543272,4798
537842,1070
538892,3258
542582,629
537693,2198
540248,4426
542132,4672
543041,4760
538077,1098
536626,3066
543688,757
545161,977
538130,206
537680,2231
543612,2801
538210,4181
544045,4890
538831,2336
538070,3220
545412,4988
541247,2560
542566,2681
545082,3952
540025,4397
542886,2670
540650,403
539488,4364
542099,596
542709,685
C538897,2326
540453,3438
544163,3792
540939,4526
C543239,1764
C543475,1777
C540266,3408
538509,2274
540829,2486
542617,2685
537257,1153
538047,1146
543808,1866
541919,2615
539735,367
544158,2848
C540007,3427
540454,398
541202,480
C538075,1189
543198,1754
538101,2234
537623,4166
543237,4777
541837,2589
538995,4293
541796,4583
537668,187
539185,291
538890,4235
C537596,4183
543730,799
539439,2388
539858,3383
543129,3723
C545330,3947
C537630,1091
539578,1379
541204,3491
C542832,3728
542148,4614
544446,2898
C538803,1253
540993,458
542915,663
541240,1519
544096,850
536745,4023
537137,58
539595,340
537629,4167
537439,4162
539643,4306
545377,975
536595,4039
536608,4041
538629,4271
541985,2576
543245,4727
C543375,727
540401,4429
544083,2845
537038,1064
C542404,1692
538060,3202
539411,4344
543251,1771
538669,3228
541494,3562
542417,3621
541965,3626
536394,4019
C541499,4567
542372,616
544677,887
539825,1411
537622,2103
542601,3643
540785,447
544448,1931
545026,1977
C543469,3743
544345,862
541219,1527
542431,3673
539094,274
543458,728
C542346,2621
540505,3424
540119,4423
539638,2397
537836,115
539733,374
541217,1539
543996,3807
C540948,4500
537707,1138
544344,1929
544913,1969
536779,4092
538527,3298
541289,4586
541858,555
541510,1547
544392,1919
539416,3280
541213,4515
C537444,151
543121,3703
543284,3749
537248,4142
541109,4538
C541654,1591
538873,218
542234,1633
540480,2423
544611,2914
541504,3582
544346,2878
537634,3159
C539565,3357
542722,3691
545228,3975
539759,352
540998,453
C541502,4568
538836,1313
C544829,1968
545042,3937
544597,916
539648,3386
539039,4261
536408,1055
C544054,1872
542418,2645
C544429,4929
536971,126
536373,1023
545032,2971
544409,1905
543485,3737
538875,4292
C540393,1475
540272,2449
541262,2561
C539640,342
537216,2138
C544117,2863
537067,4139
538885,197
541128,509
536392,991
536851,1102
537364,3180
C538100,4199
C543388,1821
C540244,2419
544658,2873
C542150,2635
538697,4309
541425,4558
542791,1701
539275,306
537365,1129
538247,2267
542345,640
539481,3340
540981,3474
539045,2351
C544583,3862
543013,1706
C544814,1957
543919,3779
540513,413
543736,3806
544935,4963
536385,61
537897,1168
541002,2531
542433,617
544410,4878
C544671,886
544460,1906
537126,2136
540639,4483
541960,1628
537894,97
542107,1622
C543640,1845
541486,539
543183,1790
543828,4830
544923,4958
542003,1608
542560,3631
537252,1199
545232,2978
537363,1155
536561,49
538036,2201
C540470,2438
544943,1961
537240,2139
540166,3446
536378,1037
541652,2583
538195,1238
542717,1735
537603,2101
541827,3557
C538713,1224
545225,3945
542207,1664
539747,2404
538185,3174
539391,3325
536830,1045
C544174,1896
540500,2463
537694,3161
536782,4025
C536850,2038
542898,3669
537654,1114
539730,3387
539223,4355
C540847,4511
541495,2537
544771,924
540396,2436
542616,2722
539466,356
542106,2618
542720,4731
C543241,668
536643,1033
544104,2818
542587,3642
536402,24
C537043,128
542901,1738
539724,3373
542733,3667
C543465,1787
542278,2641
540975,3473
542122,4637
537826,158
538190,238
C542539,1661
543815,1841
543538,1844
544177,4845
541292,1554
537453,3156
C539710,1410
C542787,3699
539460,2291
537901,3101
542236,587
543589,1824
537046,3089
536563,4003
C538111,4200
544282,2876
C544580,4951
543387,4789
C540796,417
538172,2266
544056,4834
538174,1216
538173,3126
542549,593
C543634,1804
541479,3532
538868,4313
C538745,4221
542272,4629
543342,1798
541278,2577
545064,945
545014,2921
543447,3759
544599,4936
536781,67
540372,2452
540499,2500
541697,4565
C540158,3407
539454,1303
539761,2376
537819,3098
541849,4647
C542726,4716
538867,2284
542879,2717
C537798,3187
541487,3561
543033,4753
C540389,2430
540825,4458
537796,1093
544206,3856
537760,2168
539374,1300
C541852,4610
542884,4683
544298,4894
C538052,1249
538716,1285
543029,1725
536376,4017
543762,4851
543777,3787
539570,310
540801,473
543275,737
C539589,4351
C539284,1359
544473,1942
544904,2960
537638,1112
545231,4971
543048,678
538035,1188
540683,3442
538829,4222
543276,1810
536885,46
C540937,451
538041,1119
544811,2927
543452,1774
538473,2226
539113,4354
541268,534
C543756,800
545343,3948
543309,4794
541856,608
538356,2207
C543760,4850
541601,1551
542155,566
543345,3741
544107,3835
542944,723
544659,3864
C536825,54
539475,281
C537814,1094
539017,1372
537202,2114
536995,2113
540821,4496
536466,2015
541983,1606
543392,1826
544809,2959
536404,992
541706,1617
C544427,4928
540406,410
539016,250
538134,1212
538178,194
544061,2817
C538742,3303
540253,4413
C539950,1409
544676,1944
C542793,4736
C539279,252
539106,4330
C538704,3240
C538082,2152
544483,3861
542303,4698
539333,2309
545345,4984
C541651,2564
542610,1710
540954,452
536615,64
543991,2857
541793,547
536500,1026
539826,3382
539310,292
541221,1544
C541828,1562
544797,3898
538708,4273
540182,4391
542004,559
540523,2476
539002,272
539986,1414
544899,1960
541282,2520
539978,369
543457,4807
C541824,537
541979,581
536553,4051
540028,4417
540238,4443
539658,330
541813,548
542393,562
545299,948
539312,1346
537955,3167
541859,3604
542608,4693
544195,4887
536375,987
542380,3651
541088,491
544035,1888
536833,3038
543479,730
C538711,2281
544105,3834
539993,4389
538348,4122
C540391,4462
536368,1
544702,1934
536532,9
543737,3818
541610,4563
543473,4795
539474,2401
C541701,3567
536783,3995
C538119,237
542229,614
537376,1130
544819,1914
537374,2162
542602,1722
543291,1773
541428,3543
539452,4284
543359,2774
C539063,3306
543001,3719
543036,3712
538520,4203
537006,1124
537813,1183
539586,1350
541982,1650
545036,1970
C537857,3200
543122,711
536536,1028
537065,2092
537437,4036
542124,4664
537594,2145
C539065,1342
543746,770
542521,4658
543014,2718
544317,2866
544687,2894
541576,540
538881,3275
539040,2327
544465,3901
544466,3873
545226,3972
544333,4876
542906,649
543622,1837
544798,1913
C541573,536
541608,1600
536566,3978
544839,4949
538849,3241
536425,4021
544793,900
C543768,4852
538107,2222
538145,3172
540940,3518
541474,2558
540162,4394
538167,167
540697,2529
545317,3003
C538874,1314
537245,2160
542795,662
541975,1639
537619,2102
542690,3717
538657,4308
545338,4995
536508,996
541673,1593
544189,2849
539659,4352
541226,4555
C542604,2712
545325,2966
C543974,4844
C537893,178
540832,4487
541091,454
538310,1218
542569,3684
C544609,1909
542526,1672
540363,3435
536685,3993
C540850,4537
539005,4294
544334,4871
539267,4319
541493,4559
C536826,55
543748,3785
C538062,4210
539721,1394
542369,2642
540520,422
543273,1772
543114,4764
537051,56
542370,2643
542573,4679
C544318,4874
538688,2297
C544589,4908
543655,3774
542659,659
545336,968
542919,698
543978,796
545047,960
538417,211
543027,3731
542235,1643
539755,2394
545055,3960
542362,3682
537690,4171
C541691,2565
536842,13
537841,2104
542208,2655
541424,2549
537671,4187
539611,322
545399,953
538142,1170
539047,1257
543829,2824
542378,4689
536603,1010
540316,2470
545164,2996
C540845,2498
539216,3308
543807,2815
C541994,1607
542517,1682
542103,3597
537196,4080
536521,2004
542136,560
545170,961
544368,1891
540538,2511
537054,3128
536784,999
541685,3565
537205,3179
542885,3708
538255,2292
537176,59
542745,3698
C542348,4674
544331,1916
541490,3544
543812,4861
C539253,3351
536838,45
544633,923
538204,1263
C544682,2916
536365,3012
543300,748
544176,797
540474,4448
544065,1873
539996,2425
538846,271
543199,2720
543588,3766
537999,4153
C543004,4758
545060,944
539629,1367
540099,2442
539336,4363
C539827,1401
C542218,3647
542115,1610
545328,967
538837,3317
C540820,464
544081,2827
543831,847
538886,3289
C537788,1162
541302,520
538637,4230
C538114,1121
C543052,1752
542123,2633
544673,4961
543349,738
539459,1348
C536622,3082
540365,4404
541094,3512
537163,4097
540515,4455
543354,2756
540976,4530
536744,11
538045,1261
539583,295
539201,313
539398,1301
536943,22
542575,628
536670,1042
538515,4285
537446,2195
538943,1294
540649,2512
541434,2556
537633,3158
542409,3671
C542426,4699
539592,361
539835,1415
540023,3402
C537164,4098
543261,1731
541972,595
541877,1583
542796,2687
538557,3282
C544840,895
543046,3722
545002,4964
C542086,584
542551,604
542428,1646
544297,3813
544777,889
542541,1683
537604,4165
538535,225
540957,489
542743,1699
536967,2040
537391,2163
537049,3090
539213,1276
542367,588
542126,1641
542145,2605
536755,4091
C541790,2597
542509,2677
543823,794
544089,1876
538510,3237
540640,3453
543116,1779
540700,3506
537396,149
C539073,4237
542934,674
C543840,1847
C539711,1403
542110,1587
540519,2447
543542,2792
537673,3216
539298,3310
537616,92
C540792,416
542586,635
545305,949
539095,3278
C540129,3445
539087,4316
539001,286
536554,2019
541242,3541
544456,2854
540770,3471
542741,4757
545074,1998
C542140,3646
541520,4546
536547,2045
C538647,4245
539487,4325
543923,2798
541436,1565
538724,4254
544316,4927
536542,993
541590,1548
C538670,4288
544040,816
540016,4396
C540117,378
545341,2987
536663,3067
539304,2290
542520,592
541659,3546
537606,1205
541698,1561
539753,2387
540983,469
541206,2539
C540382,408
540358,421
541215,2534
542222,4656
544941,4975
543266,2721
C544635,3854
539997,387
C542781,1756
536754,1059
C537203,4062
540833,4518
541423,511
537389,1179
538421,2209
C543384,1785
539567,2369
537011,37
C540250,385
539082,3292
541916,4624
541978,580
C537379,1067
539085,1333
C540165,1459
542727,2715
537117,4096
541791,4582
537036,104
541021,479
537366,3193
537915,118
542000,621
540566,2522
540694,3498
544438,4919
537891,136
538116,139
541692,552
C543637,2767
544791,4972
C543195,681
540678,2483
542900,3718
537830,4208
541126,499
538138,3203
536824,100
541873,3605
536628,1032
C543606,1796
C538189,3205
C542088,1652
545031,3940
541125,4534
539079,2339
543287,3750
541671,1559
539335,4283
538419,2272
C539258,4266
542620,4728
542869,2688
542667,4746
538565,226
542870,1687
543035,2736
537963,3102
537392,130
541845,3632
544799,4954
542786,648
544447,3883
543016,3730
542268,4641
545234,4993
541811,1601
C537398,2164
C542640,2705
537428,87
C545189,914
542908,4697
541106,1511
538054,2249
C540152,379
536945,1103
C539031,2263
C544775,1974
544921,3899
543468,1776
539240,303
540862,2479
544606,2881
544182,827
539272,2356
544194,843
541552,4588
C538696,2279
543935,3821
545159,1996
540641,3481
539225,1385
C538118,3231
539324,3296
542559,4711
C541707,4581
C538694,2278
543530,4796
C544414,4879
539083,290
541410,1578
540539,2448
541523,3545
543647,3784
C542395,2676
544479,2911
536763,4045
538880,4314
543987,4833
543021,3680
544314,798
537450,3214
544663,2942
536676,50
539836,1412
536555,1039
538826,3316
539491,4359
544036,1859
538048,4198
542909,4751
537811,177
542905,1723
543269,1791
539675,3344
543543,3753
C544171,2875
536588,2081
537241,2140
C545040,2973
538071,203
543094,724
543492,4783
541243,2535
544922,3934
C542413,574
543250,1730
542518,2692
543547,2783
541181,1538
539143,2289
537621,3183
544151,860
541968,4613
C538763,248
C539832,375
536938,1048
537691,4188
540798,456
539864,1413
544342,4877
544909,2969
544894,3910
537042,4138
545001,2961
539214,332
543593,1801
543010,4708
537683,79
539334,4341
C540787,4517
544205,4926
536390,1054
540840,1498
536947,2039
537781,4192
539584,2389
C543811,772
537900,3166
540692,434
543519,1788
536399,2043
543000,2726
545320,2949
C539599,327
C542139,1642
539011,2314
542590,636
538241,2205
539720,362
539248,4238
538671,3253
541604,4550
544905,4973
544164,807
540468,3430
537657,4185
536707,7
537846,190
544408,2868
541104,470
537048,2176
537230,2191
543108,4763
537802,3118
537025,4015
544556,1923
538900,3260
539107,3263
542519,3655
C537611,4184
540463,444
538057,163
536795,1073
544324,2877
538080,4117
537223,106
538656,245
542388,2660
542998,707
540972,3465
536996,4077
539242,4300
543623,755
539829,1383
539588,4350
538908,1315
541732,1552
543018,1750
542533,2647
545287,936
540256,1435
537880,1208
537676,1180
537460,4105
540114,4411
540361,395
542993,4707
540537,1448
536576,2009
543448,2765
539982,4371
540263,4427
C542732,646
544186,1860
542606,2638
545063,2974
541687,523
544610,1910
538909,2362
541407,3559
545160,3954
543015,4759
536541,28
C544416,822
538135,1250
541794,3570
542108,1609
542390,573
541228,1536
C544424,1941
536388,3045
543450,3760
539076,4263
541223,2491
544280,4888
542423,2646
537429,131
536771,1100
538197,3175
540567,3494
C541234,493
538858,2337
538199,209
541874,579
C537572,2100
538168,3173
537213,4081
540012,388
536601,1031
541281,1522
537420,60
544892,910
538659,2295
545184,2976
540699,3505
544170,3811
544312,4913
540768,2505
536557,3063
C537530,4129
539609,1400
538872,259
538009,1187
543023,4774
C540942,441
538140,3171
C536758,1013
C542263,4640
C539274,4320
539979,4362
C539100,312
541139,1534
538307,4202
536570,2108
C544300,2840
537772,3137
539988,2405
540019,2416
541236,2510
544159,867
536835,2026
C539260,2330
543325,2744
545323,2980
C536827,3029
541266,3535
544770,888
540815,2515
539688,3371
544210,844
537432,88
542889,1760
537769,4173
539030,251
536639,4053
545315,950
543610,753
536954,3050
536777,2036
540546,3441
538175,4120
541149,4491
545411,2002
538002,4177
544450,4895
536890,101
538994,249
539752,323
544885,909
C542644,2695
545191,3931
539317,4332
541835,3572
541882,1649
544645,3875
543286,4769
545163,2955
538851,3255
538141,1123
540968,2507
536946,3085
539442,3326
542888,1759
545067,1979
543166,2758
545416,3004
543011,3729
C543791,4856
538207,239
536551,3008
544928,1928
543669,2770
542375,625
545401,980
538148,142
541137,2490
544461,3872
536584,17
541134,4503
539420,2343
543197,3747
536621,4007
543482,4822
543267,2753
539268,3293
536640,4009
540276,3418
538157,1251
542151,2624
542897,2689
C543661,2769
539628,4374
541981,582
C542089,2612
542399,651
542392,3620
536991,2087
539246,3265
538095,121
538501,2273
536366,3032
538721,3288
544788,3865
541683,4580
539337,3324
C536854,68
537844,2232
544596,2891
537601,91
541111,3528
C536979,4028
544090,805
544100,839
537462,2180
545219,2965
540163,3414
C543775,4816
538878,232
542240,623
541103,4532
544638,4909
544091,3801
541244,500
543641,775
545224,3001
536638,4052
544582,4934
540471,4437
C543621,1853
537023,2134
539751,2375
539338,3369
543214,3736
544818,2904
C542742,4734
537017,85
539634,4327
542710,4701
545059,4982
540495,1446
537873,2124
539419,2380
537368,3092
544586,884
C541641,2587
537858,4113
541984,2585
537614,3215
543162,714
542361,1668
C545068,2988
C544576,3903
542087,3596
538011,4209
537612,153
545402,3966
540908,450
C537610,1136
543734,4840
544703,4952
542217,3601
C539575,4348
539443,3327
C538891,260
543455,773
544895,1947
538354,2237
542562,4678
545004,929
543125,2710
540180,418
C536815,1000
543252,2749
540001,4390
543675,4860
543031,4775
543649,4837
544998,965
C537408,1132
544356,2885
C538632,1252
536580,4037
541277,487
542137,2640
536546,3014
540823,3516
544294,3848
542371,572
543240,717
538345,1195
542619,2649
C544831,2928
C538805,4233
538364,195
539160,262
544474,865
541575,2586
541999,4650
C536822,1001
543249,2729
540813,482
543131,712
C538684,2347
538147,3223
539038,3243
543120,710
544601,866
542782,1700
538056,2186
544808,3879
C538693,1310
544169,3867
542384,2607
543282,4800
538866,1291
538597,214
C537320,3091
539666,3389
C540097,4410
C539838,1405
540464,2455
542920,4719
536981,2028
537849,3217
539218,4281
C537613,1111
540168,4431
C540846,4460
541256,4509
537645,174
540553,3479
537827,200
537222,2070
536624,3021
544338,3869
536688,1011
536956,3051
C540377,4446
542634,4694
543194,715
538044,3219
544569,1901
538795,1312
543907,4863
539245,236
538165,1171
544187,1877
C544653,1963
541288,1553
540978,478
541293,3558
540818,4485
538050,1262
539265,3244
544915,4956
545322,4994
541506,2580
536972,4027
543170,4754
538507,1241
542507,2691
542864,2708
538061,3169
537410,4127
537388,129
C538834,258
542577,3674
C537684,4148
542080,1629
542999,4773
542554,3640
544455,3859
543028,676
542895,1702
541480,512
543601,2794
542550,3623
538753,1269
538001,3142
537179,1050
544749,3924
541018,4531
C542402,601
543548,3771
C537602,4130
539048,4279
544192,4868
542729,2723
543806,2842
537001,3999
C542991,3693
C537746,1116
537418,1201
C539726,3360
538161,4216
541496,4577
C542260,568
542347,570
C541201,471
C544590,3893
544211,828
541857,2631
537641,3062
540531,3459
C543638,767
C538122,3125
545024,3939
536631,4072
542576,4660
538903,1371
541252,3549
545019,2922
539108,3348
539985,3375
C538066,3143
538895,3304
541593,1590
541008,4513
C541822,2566
545105,3963
538661,4246
542079,4652
544295,4869
538162,122
542220,2625
543595,3772
539261,2319
538660,1223
543446,1799
536632,65
538811,230
544396,4930
537840,2170
538503,2293
538631,4272
538852,231
542893,672
540844,1478
C537812,157
539497,357
540239,1460
544906,1938
544097,3866
538896,311
539307,1260
543541,1836
538996,3276
544313,4902
543646,768
537010,4001
540565,433
542936,699
545308,974
539471,3354
541680,544
C542385,3610
543389,722
536821,989
539483,3364
540022,390
538343,1239
544591,4946
C543633,2795
537220,3106
C539069,289
538179,1217
540702,3483
542247,3670
C539577,3377
C542638,2704
538627,3284
537430,4144
543997,4865
540130,1434
544066,1892
537242,2071
544463,4931
536968,2067
536740,34
539403,4322
542121,564
540974,3486
541273,486
538744,1286
541004,3519
C540634,1497
537361,1178
C539090,1317
542865,1717
537672,2215
540900,3464
544680,4941
539332,2379
C543817,831
539056,2305
C538680,3286
539462,1363
542647,1696
539290,275
C536506,2007
543164,4721
538636,283
539046,4262
538626,244
C538377,2224
537843,1185
538074,1235
C542738,686
C538691,4220
540176,3428
C537998,4196
539413,294
C538755,1287
C541503,3534
537031,4016
537852,4089
539746,4382
537817,80
542407,2628
C541415,1528
545180,2975
C539291,276
538848,4206
C544451,864
543915,1842
C542805,3679
536984,4029
543654,1806
537014,4014
C539402,4343
540240,4434
543127,4786
C544415,2879
536522,3977
539012,2303
C540346,3434
545294,3968
541411,4576
543270,1765
C536734,1058
541844,3611
542574,619
536537,3984
543990,3832
C537797,1163
C540376,4435
C541254,1537
537411,78
537238,3107
544277,3827
536600,2109
C539224,3264
539741,4377
543165,3694
536942,103
537144,2069
538648,3300
542603,645
538667,1243
C542645,1734
544078,3791
C543353,4820
537200,171
C541418,2528
544701,3876
542504,2629
539142,3349
536790,4055
539444,1347
540994,490
541571,529
543781,4817
C539244,2341
C538121,140
538155,1214
C543609,1829
540095,2434
537351,3077
539766,3397
537758,4149
539300,1278
C540366,2471
542154,2594
540122,4424
543130,4792
543020,2709
542142,586
543235,693
540370,3409
C540386,3410
536627,4008
C539499,4373
542737,4669
540848,439
541660,3551
544927,4974
540907,440
537141,3044
C540380,4453
C543381,721
544571,2871
537851,3100
543536,4803
541990,4684
539309,3294
539084,3307
540636,3470
536446,2014
540462,2475
540404,4447
543306,4780
544349,4889
545342,952
C536383,1024
542596,2702
543984,1881
542001,3594
536556,986
C543112,1753
537666,3195
539867,3391
544468,3852
538567,4218
542776,4735
C545307,2979
537193,1066
540412,2433
537129,4031
539984,4388
545348,4980
C540793,472
537055,2091
541482,532
543003,3711
540979,1533
545038,1987
536610,2021
538879,3229
541847,1570
544070,1850
544355,2867
542434,1636
539473,3329
545334,4991
C544422,1930
543037,3702
C541433,2536
545306,2999
544064,4858
C538500,3211
540851,4488
543740,4812
C544034,3822
545188,3930
541203,515
542626,1711
545152,4996
544910,896
539441,1361
540991,1486
541880,2610
542230,4685
542093,1630
545221,1981
C542032,3589
C539059,234
C544432,3839
543182,1781
538283,3176
545217,3955
541135,4554
541224,2540
545054,2994
540506,3451
537854,81
537667,4186
541711,4633
541291,2569
540946,3485
C543787,3763
540557,2464
541258,527
540278,1472
544330,3828
544407,4916
545076,4977
C537805,1141
539958,1397
542386,3652
545187,2956
C543431,4771
540915,2525
545085,2953
537764,4190
542503,4691
C540788,449
543390,733
538040,2126
536944,2086
545408,3949
543986,1849
C541090,3490
C543755,3794
C542642,684
C541834,3587
C542038,4626
544647,4968
C536816,2130
C537644,175
538346,125
C539632,2374
542510,2678
544196,3838
542470,603
C537652,1161
544430,1921
544098,1894
C542416,2661
543264,682
537642,1229
C543773,3777
542557,4677
541948,2616
537631,4131
543413,734
540150,2428
C541821,526
536798,2052
537204,1107
542391,2675
540383,4405
543982,849
539489,1364
544920,3919
541800,2573
541421,1529
542350,2659
544043,817
542806,2652
543832,3798
537135,170
545314,2985
536531,2005
538519,2227
543842,2797
541799,4597
C537647,3095
C543784,736
540094,4398
540530,4468
538644,1308
541014,1515
541664,1592
542548,4710
543544,4784
537433,1202
545081,946
541946,3644
545183,2001
538184,3235
542739,2667
543814,2804
C544118,3836
541420,4542
540264,429
542567,627
537346,1177
539662,1352
537847,135
539252,1319
539839,325
542882,1678
538907,2285
538511,3251
C543792,4818
541782,1626
536753,2050
541681,4564
544646,908
542927,2725
543107,3734
541405,3521
544907,939
537595,1204
541567,3563
C539719,366
545410,1993
544106,3808
C542257,3627
544652,3894
541509,4578
537160,147
541255,531
540262,1461
543386,741
C544559,858
539295,1259
544600,3905
538146,4178
540526,4467
536789,1015
544790,4953
C544902,938
C538997,1354
540466,2492
C539667,3368
542511,3637
542274,3648
C536855,1076
536983,2133
540518,3458
544449,3871
543040,1707
542871,1758
541508,3583
543809,787
537625,2197
538176,3233
542083,3595
542565,626
544651,2924
538869,1255
543648,3755
C537834,159
538015,4239
541205,4504
542607,4743
544321,1902
536857,3049
536673,2049
C544428,2834
C544901,4970
539920,373
540638,402
544578,2912
536540,27
543797,786
543600,2761
541015,4476
539032,1256
541422,521
544939,903
C539057,1273
539283,4331
538092,2172
C541603,2538
540026,4422
539745,346
539480,1349
539610,1366
541400,4557
C542744,3668
543049,1727
541700,3553
C541823,1602
536641,2048
542153,3590
537090,4124
538090,4227
543833,4831
537863,2123
539946,3374
538196,4217
543191,2727
C542866,3700
544767,4924
540834,4474
540010,376
544143,806
538263,2235
C543980,824
544688,3933
538778,256
537448,1088
540653,2503
C542537,1674
C537402,4085
C538712,3287
537534,1203
541587,1572
C536391,4018
540828,4459
544443,4945
541884,4601
545288,981
543351,1784
538005,2265
536523,26
545181,1985
537004,4078
540175,3415
542896,3692
543005,667
C538344,3192
539088,2364
541699,3586
537649,111
538349,183
541789,3539
539044,4329
C540378,4452
543186,4765
C543830,1868
544400,2886
542631,3690
543535,4824
538216,124
C544581,859
542405,1681
C536812,4026
538512,2210
542368,571
539103,1297
540032,389
538865,4223
538991,2248
545346,3958
537751,4207
537674,155
537206,4099
536765,3037
537687,3197
C538091,4155
537472,2099
540356,407
542225,1613
540410,2432
C538531,212
536667,2062
C537820,3163
538076,4211
538014,137
538807,1270
540004,2457
537899,4152
540644,1483
540096,2415
538351,4228
C540155,1425
540174,4425
C538749,1337
540033,2441
542002,3634
543242,3726
539075,3291
541507,1541
541426,4543
538087,1210
541594,4562
537077,146
537655,154
542152,3616
539013,4278
541269,4556
543024,4709
C544830,2919
C539104,4317
544471,875
537605,2074
540525,2501
544813,4942
536636,2023
C540030,2426
C538898,3259
540013,4409
542835,4748
540704,4472
543586,4828
542355,2674
537218,4082
538042,138
539282,334
542512,1660
545150,3000
537359,2141
538170,3189
539715,1393
540280,1452
545303,3969
541866,4620
544093,1893
C541961,3574
542422,602
541264,1521
537626,3184
538906,4259
542907,4717
C544425,856
539033,1272
539999,3405
541802,3603
539105,1358
537000,1104
C540398,4415
C541705,546
C537656,1115
539036,1356
540595,1503
541595,1549
537455,1135
537354,1052
C542104,1653
542149,613
C536543,2018
542532,2693
544071,2844
541121,4502
538013,193
541105,1510
538382,3250
C540109,1423
544918,1939
544069,3845
C540392,2461
543521,2800
544150,2864
543592,4836
C543729,2810
C536828,2037
C539067,2288
545029,3912
537870,95
541274,1564
542628,1748
540002,1457
541248,1520
C541885,3612
544572,3853
C538314,1266
543025,1739
C538089,4212
541132,4553
545310,4983
536762,2035
C539601,2390
536609,2047
539311,2358
539292,2332
540255,393
541591,4594
541391,496
541867,578
536976,1004
C543780,2772
C542095,4653
537377,2143
538662,1283
544810,2943
537848,4150
544037,804
542127,1589
537246,4067
544477,2900
538888,1292
C539251,2318
539496,4326
543539,4835
540803,474
538517,1281
539074,3262
543161,691
544462,874
540836,1477
539406,4356
538513,242
538809,257
C544594,2913
545053,2981
538524,3270
C543119,4785
C542913,1703
542724,4732
C537143,73
537243,3076
536674,44
540953,467
543265,732
544092,838
543184,4787
543278,747
544592,4935
543372,719
539495,3331
536620,3992
538859,2313
537447,4145
540524,4493
544800,1935
538488,2239
539713,4376
541417,2548
539080,3277
C543837,3799
536381,3
C537600,3094
545162,3929
543118,4776
538126,4136
538046,2220
C544669,3885
C540156,382
544068,836
540455,4436
543246,4766
543825,1867
541525,505
541120,1525
542379,3602
544411,3858
544464,830
545319,964
536527,4050
536560,62
C537314,1154
C541245,2568
C540367,2429
536538,3020
540178,380
539196,2340
544670,2915
538053,3123
C540854,3517
541872,3580
544102,851
538877,1226
544823,925
545222,972
541992,2601
536746,2085
544209,3880
540479,411
538935,2261
539649,2383
538714,2298
544938,921
539653,3379
542411,3663
538064,4115
C539608,4335
543979,788
C538164,143
542784,1686
545025,2940
540689,3497
540604,2466
537007,3042
C540780,435
537743,1230
544153,2838
537425,1133
544085,1835
544440,4944
542147,1656
542926,687
540020,1449
538722,2299
538240,3248
536837,20
544846,3938
537385,172
543292,1811
C543917,1843
C538876,3274
542412,4643
544816,4925
545103,3917
544778,3925
C542643,4744
542578,3641
539580,4349
537593,90
538529,243
545062,931
544693,2958
545332,4987
540516,2446
542111,4671
544602,885
544838,3916
537214,1127
539828,1370
543257,4779
541839,554
C538718,4247
539987,3395
542891,631
543735,1838
540359,2451
C543757,2787
538094,4213
544773,878
542238,4639
543839,813
C543050,1762
542708,2651
540827,437
537235,3151
C544080,4867
542712,2713
543674,2809
542812,1716
538200,3224
541967,3614
542219,3618
537438,4071
536831,4075
538280,4240
539328,1299
544684,3886
537768,156
C539956,4384
543483,4802
540630,1490
C541829,1577
542058,4663
540753,1531
544203,1884
538596,4243
543051,689
C544828,1958
543975,832
543054,1768
544769,2917
543518,781
543816,4862
541263,516
C543307,1797
537874,1186
539280,3337
539604,3343
541607,551
543190,2741
539219,3322
544181,4884
539990,3396
537312,4160
542096,4604
542728,4733
540672,2513
536380,3018
539211,1334
542430,4644
540011,399
544082,1875
537249,4047
542928,4772
545013,905
C539830,3388
543248,4778
C539606,2372
541648,2563
537967,4195
543367,703
C540790,3484
539303,3266
542125,4638
539636,341
539494,1378
544286,1861
544944,1988
545340,2003
C543368,2760
542114,1588
543738,2822
543256,3715
544305,3868
C538109,4214
541130,2526
537484,3113
537387,1157
540548,1476
537142,2068
C537821,3139
C538882,4315
C538794,1311
C540385,1422
538658,267
544200,2829
542344,4687
C540527,445
541113,498
537882,1118
538183,3234
537833,3164
C538084,1120
543187,1763
544789,1927
538843,4311
544393,869
542398,2627
537019,15
545157,935
542564,3659
536393,2006
537822,3140
539445,1389
C540394,2462
544201,2839
536565,3986
540005,4393
542618,4661
538032,120
C540381,386
538153,207
537442,1134
537397,3153
538522,3281
542381,4690
536464,25
536577,63
539564,1335
541522,1542
538037,2185
545061,3961
536384,23
C543789,2813
545220,3944
C542138,4627
C544420,4917
C538717,2348
C542271,2620
C542424,3672
537810,4132
538864,4312
543177,3704
538360,4137
537470,198
545023,898
536791,99
542363,4666
539331,335
538072,1097
542006,3615
545295,4998
540560,462
536407,1008
540015,3413
541686,3566
543477,2782
C544553,2887
544692,1911
537664,2147
539581,2334
540955,2487
544648,2950
539980,370
537888,1167
539463,3376
536559,2079
C541572,3584
539750,1408
538707,3302
537896,3141
536591,3979
544724,1965
539405,278
541842,2574
539676,3358
C540652,4495
543546,4826
544649,2934
540098,1441
536739,3068
543813,802
536549,1030
540040,1420
541249,3520
540824,425
544161,3810
544697,3923
C544577,2933
C538725,4290
540698,4471
541696,4590
543462,743
C539574,2406
C544047,3823
540159,426
542227,1614
542546,1694
543820,3829
540153,4419
C539569,2370
544336,2884
537648,3136
C542740,669
C542951,1689
C543643,1805
C539566,2396
538181,208
542506,1693
540148,2469
C541959,4636
538641,227
545316,2986
538160,2174
539000,2262
545324,3974
536733,4044
539716,1368
541108,2518
538901,3345
539633,4367
544595,1933
545078,2989
543453,4821
541574,3577
C540791,1513
542572,2682
543549,2766
536994,14
536502,3013
536861,4058
540695,4457
542989,688
536693,2084
541832,3592
544912,897
C543627,4848
537332,2095
540521,4482
543523,744
536575,2020
537653,4110
542141,565
544343,821
538260,223
544796,1967
536530,2106
538355,2238
C538686,2255
541611,2582
C543663,2785
537053,2190
541602,2544
539472,3355
C543750,4813
C540388,409
537879,3218
538715,3272
538132,3222
542598,4700
538655,3285
540986,3523
544076,820
C537232,2178
542563,3664
543824,3840
540501,4449
543262,3733
C540006,1439
543398,1813
C544049,1889
541712,2554
C543767,4815
541280,535
544434,857
536616,2022
542632,2650
543193,726
538593,213
C539058,288
543591,4825
541675,1560
545158,4992
538159,2154
538156,1215
540679,3462
545289,3967
540782,1512
538192,3149
540268,4401
542265,1667
543132,713
536990,3073
537890,117
544675,1943
545035,2932
538353,3210
543852,814
538055,2151
545290,3965
540777,415
C544417,1864
538144,1213
C536829,1044
539458,1304
543332,2745
536592,4022
543097,2739
C536379,995
545331,3946
536742,2011
542239,1690
537688,176
542237,2626
538635,215
C539191,2317
C542427,1670
541511,3527
544942,922
537236,1083
541370,2578
543167,4793
544340,4914
538000,1145
541005,2532
542130,3600
C542244,561
541962,3625
543618,4847
C539302,264
538827,1329
542614,3705
544062,835
542275,1615
C540814,3463
538371,3249
537617,4108
540160,1469
545398,2992
541846,4592
543280,694
C540112,1458
538719,2256
538801,4291
C537677,3096
537394,185
542887,3709
541679,2552
536633,3027
542629,2703
544642,1953
C541786,3569
540681,4456
542641,683
540982,3510
540509,4466
542414,1708
C544413,1920
544484,1951
539637,3332
C544057,819
538038,1209
538313,2252
545050,3959
545304,3973
541785,4622
C538699,297
539330,1398
543555,3762
541709,3591
540415,1455
C543628,3767
540059,1433
540456,1436
538378,3269
540458,3467
540014,2440
538106,4156
C539438,1388
541886,4634
543123,4726
543106,708
536862,1003
536574,2046
538652,216
538862,2229
538409,1305
536823,2064
541843,4646
544304,4912
C541861,2599
541678,3552
540183,4399
542420,3622
C544458,873
539212,326
540397,3437
542536,3656
C542792,1757
539089,2306
C541650,507
538653,1222
538783,4274
C541710,553
C538887,3257
545087,947
537766,3117
539004,3319
538854,3213
540120,381
537620,1160
543590,2821
538250,3208
544320,3805
541124,4552
542859,4737
538397,1267
539254,4265
539865,4387
542320,569
544650,1973
540364,3419
544323,3816
536569,1040
C537383,1109
542611,1675
544667,1964
C536978,3086
C538372,1220
540547,1464
540536,2439
543653,4810
538634,1336
C543445,1786
542429,2614
543747,2823
545127,2954
536400,3033
544208,3847
537032,2042
542591,2622
537224,107
544887,955
540992,3488
539594,296
543394,742
544821,901
545012,2945
C538650,2243
540469,3468
541565,4606
538968,299
541270,4585
542267,4657
536769,3070
C538059,1147
536975,3072
536989,84
537791,1117
541112,492
540348,1444
545312,4999
541840,1596
536599,2060
C541092,3476
543599,790
542408,3654
543989,4881
537878,2125
537981,3120
543587,1814
537008,1080
C539195,4280
536585,2080
539762,2400
538533,2211
545229,2982
537255,3060
537029,3074
543602,2776
538311,3177
540245,4444
C541817,4618
541427,1530
537375,3181
539500,3365
C539576,2345
C539003,2350
540003,3426
542621,3660
538945,4277
543788,4872
541497,1571
543985,833
536524,3019
537755,3198
538594,4286
542894,4750
540452,2474
539957,2414
539299,1386
540113,1442
543202,1746
540528,2502
540906,4520
539590,339
541516,3537
543537,2751
544654,2902
542214,1612
538902,261
542113,3599
C538703,2280
541974,2632
543782,3796
543650,4849
540073,1440
539754,2407
C540852,4489
542883,671
537139,1034
543271,4756
536999,1006
C538726,1244
C541735,4571
539288,315
C542273,3628
538992,4339
541676,4589
541655,522
C538595,1325
545233,2998
C542400,3653
539663,4368
543260,3695
545318,3970
545083,3962
543281,4799
544426,882
540552,4450
537350,109
544337,2859
542904,4696
543629,2784
544470,2899
545028,3936
539464,355
543594,1802
543243,3748
C537763,4088
544886,902
543006,1705
C541492,2550
538845,4275
C543785,4855
542990,1704
537635,93
C544558,876
540170,1451
540407,3456
541876,1605
536614,3035
544180,1897
543451,3761
C543039,4740
537754,1247
545276,1982
540387,4406
539327,308
538537,2294
537765,4191
C540347,4402
541439,4545
540185,2435
543397,4790
538855,1290
C538723,1328
545015,2946
545052,2993
542746,3685
544067,4866
544431,4880
540373,396
538127,1237
544214,3804
537440,4104
542785,647
545344,969
538504,1174
539313,277
539992,354
539215,3350
C539467,3363
539760,368
538379,4229
540273,2450
544457,3892
C545329,4989
C540151,400
543399,3764
536732,33
537463,4163
539502,359
544637,907
539092,2316
540351,1473
540674,3496
540797,436
545238,2990
537659,3115
541569,3564
537212,4064
C541831,4584
536834,1046
C539983,1416
542534,4659
536630,3022
538649,1326
537456,2165
542146,2619
544481,4960
536586,29
C539857,2410
544695,3922
541588,541
537831,1095
545156,2964
544662,3895
539859,372
537774,1140
544694,1983
540252,3448
536998,1019
541107,1495
543998,4896
537823,1143
537771,3186
545313,979
545048,3927
545049,3941
538663,4204
536847,21
540472,1479
C543659,2768
539353,4342
542609,606
539651,2398
543753,2812
544303,3850
C543109,4741
542516,1647
538870,2349
543134,2700
C540057,3431
544888,1959
C544279,2830
544554,1922
537678,2216
540409,4416
545151,2000
544111,2819
544779,4948
543371,740
540460,1445
C541825,2559
543467,2789
537458,173
537237,1084
539320,1375
538193,2189
538198,2251
544794,2926
537799,4174
544302,3881
C542916,4705
536416,2044
C542714,3676
541172,2533
539593,3341
537400,4035
537419,2117
539410,4357
542514,575
541430,1546
542543,4645
543651,1816
544754,3877
C540307,1462
540973,4529
538558,196
543172,2740
538640,3227
545057,3950
542930,4739
C538110,205
545080,2952
539645,3378
544129,2874
544480,2901
544612,4938
537057,57
545000,1984
537198,2177
C538889,3242
542360,3662
540241,392
542579,2662
543639,2777
C538971,3318
540188,384
C541863,4648
537384,2144
541600,2581
537128,4060
543625,791
541238,494
539739,2386
537461,3157
C543918,823
538149,4215
537889,1234
538079,3145
543382,1794
536412,4020
538651,228
542387,3619
539249,1277
C539066,3261
544394,846
537615,4107
538654,4231
543988,3841
C537651,1069
541597,1550
C538088,2187
539470,3328
542552,3658
543924,1880
C537807,3199
537859,3201
540467,1429
538857,2260
537454,3182
541830,1603
544806,1936
C542639,1733
537855,2199
539933,3398
537887,4133
C538813,4250
544112,2858
538125,3146
538166,3147
545218,2997
539217,4340
540822,2485
542931,2734
536920,102
543657,1817
536370,2077
542353,3650
543374,4805
538136,1191
C542730,1698
543095,2738
540149,3421
C542383,4630
543805,771
538668,4205
C536814,1074
C541498,2579
542872,3707
544341,1917
539729,2385
542085,1651
538202,3206
538358,241
537369,2194
C543835,2835
543596,782
545051,4965
541208,1500
539440,2333
C539486,1407
543910,2806
544353,2860
C544560,1907
544668,1926
543529,2775
545018,2908
537136,3058
537682,4111
538437,1196
539493,4347
543631,4829
543163,3724
545148,4967
540173,3433
541702,3579
543604,1827
C539655,4307
543472,4801
544445,871
C543745,759
543180,1769
539728,2384
536514,3982
540568,4440
537815,1142
544301,3814
540551,2496
536806,53
544335,2853
541225,4506
538592,1324
542143,1655
C542376,1680
542415,4631
536602,1056
538993,1340
540498,2493
C542798,2716
C539602,4360
545044,1978
538067,3170
543350,4804
C543706,2786
539404,318
542892,1718
538576,2254
542556,3630
540475,430
539461,4346
C538123,1122
540507,2494
542401,591
536579,3048
540362,1463
543380,1793
C537234,148
541473,2543
541136,4523
536587,43
538203,222
536863,1077
545223,963
539111,1343
543670,1846
537404,2179
541568,1599
544086,4899
541481,1566
537466,2098
540645,3482
C544436,4918
540258,1421
536752,3015
543002,675
545185,3964
C536807,4056
C539055,4225
539991,1384
542719,2639
545153,2995
536808,4093
537866,4151
543057,701
C540171,1426
540984,2488
545333,4990
543916,4832
536941,3025
539758,4383
540027,1419
542899,1688
542800,630
545321,3932
537194,3150
539642,1351
544325,1898
540277,3449
541947,4635
538308,240
537016,3055
541114,4501
C541586,530
C538105,1236
540060,2427
537452,3194
539764,4385
540947,476
C543818,812
543799,2814
C538083,1149
540420,2421
C542091,2603
537207,3075
543751,4814
539482,337
544452,872
C542232,1624
540000,3420
543471,1822
C537756,3116
539718,350
542425,641
539597,1380
541287,3575
543173,657
545039,913
537804,2217
541851,1581
536747,4024