FeedbackKey,CustomerID,Rating,Review
59,17760,4,Quite satisfied nice piece.
199,16456,5,Truly amazing item love it.
236,13117,5,Five stars amazing quality.
318,17264,5,Very nice and practical. 
50,12662,4,Good overall satisfied.
80,12915,4,Very well packaged thank you.
119,16926,4,Product is decent and elegant. 
152,17862,4,Value for money good one.
214,14741,5,Really love it! Highly satisfied. 
316,17762,5,Superb craftsmanship flawless.
339,17671,5,Highly impressed with this. 
21,17685,3,Product fine.
64,17069,4,Satisfied with the craftsmanship. 
89,15732,4,Good for the price. 
107,14236,4,Product was well packed. 
167,14688,5,Very cute and just as described! 
248,15640,5,Really well designed and durable. 
22,17659,3,Okay quality could be better.
111,18225,4,Good value for the price. 
117,16477,4,Good product looks nice.
158,17497,4,Exactly as I wanted. 
183,15983,5,Outstanding craftsmanship and detail. 
187,14729,5,Love this product ordering more!
211,14606,5,Looks premium feels solid.
238,16510,5,Looks awesome worth it.
275,12841,5,Beautiful craftsmanship. 
277,17967,5,Excellent quality and feel. 
291,16794,5,Looks amazing and feels durable. 
320,13862,5,Stylish and strong. 
118,17949,4,Good one works fine.
141,15993,4,good products
160,15333,4,Product feels sturdy. 
176,13448,5,Impressive quality 
298,16621,5,Five stars worth it.
321,15503,5,Looks premium and neat. 
337,17531,5,Totally worth it! 
34,15291,4,Product arrived on time and looks nice. 
172,12431,5,Really good quality for the price. 
220,17017,5,Happy customer will return.
297,16485,5,Love how well it’s made. 
3,17548,3,Not bad but could be improved. 
7,17968,3,Fair for the cost. 
110,12686,4,Neat and clean look. 
121,17819,4,Looks cute and serves well. 
166,15100,5,"Beautiful craftsmanship,I’ll buy again. "
190,14078,5,Beautiful and charming! 
196,18144,5,Fast service and lovely product. 
283,12779,5,Superb quality. 
19,16042,3,Just an okay product. 
52,12433,4,Very cute design well made.
81,15738,4,Arrived earlier than expected. 
87,17547,4,Happy with this product. 
135,13554,4,Good purchase no issues.
178,16218,5,Stylish and affordable 
209,14142,5,Beautiful arrived quickly.
301,14693,5,Truly elegant and modern. 
331,15226,5,Everything top quality. 
137,14507,4,Good finishing and size. 
145,14293,4,Met expectations well. 
168,15311,5,Fantastic quality 
200,17346,5,Really impressed with quality. 
228,16546,5,Great quality nice craftsmanship.
252,14031,5,Superb finishing looks elegant.
265,14395,5,Perfect purchase love the design.
317,14471,5,Exactly what I needed. 
82,15827,4,Works as intended. 
149,13084,4,Good product fair price.
189,12868,5,High quality and great price. 
202,13468,5,Love it! Beautifully made. 
255,13958,5,Great product lovely look.
315,17037,5,Perfect condition very satisfied.
38,13705,4,Neat design and practical use. 
61,16539,4,Good one happy with it.
194,16955,5,Wonderful finish and solid feel. 
230,14491,5,Really happy with this buy! 
77,15260,4,Good item no issues.
151,14634,4,Item as described happy.
171,16029,5,excellent packaging. 
179,14307,5,Perfect size and amazing finish. 
206,17025,5,Will definitely order again! 
310,13710,5,Beautiful matches perfectly.
13,18229,3,Average product but fair price. 
25,13370,3,Average product okay.
54,15922,4,Meets expectations perfectly. 
63,17460,4,Good quality matches description.
75,15070,4,Well worth the price. 
124,14898,4,Good product and nice feel. 
181,18085,5,Absolutely wonderful product. 
12,14496,3,Okay but smaller than expected. 
30,17734,3,It’s okay but color slightly off. 
71,14135,4,Good product exactly as described.
92,15574,4,Good item fair price.
113,12427,4,Arrived on time happy.
127,14604,4,okayish item.
247,15061,5,Love the texture and look. 
280,13013,5,Perfect couldn’t be happier.
336,13597,5,Excellent and long lasting. 
349,14277,5,Perfect design amazing value.
47,17181,4,Exactly as shown very decent.
58,13093,4,Happy with my order overall. 
155,14141,4,Good products
162,17722,4,product okay.
186,16552,5,Superb quality happy customer.
210,13065,5,Five stars! Great quality. 
215,13715,5,Exactly as expected 10/10.
225,18041,5,Wonderful experience overall. 
229,13305,5,Awesome purchase experience. 
261,15384,5,Happy with the purchase. 
276,16905,5,Very well designed and functional. 
340,16936,5,Perfectly packed and premium. 
6,16583,3,"Average item, okay for the price. "
14,15235,3,Expected slightly better. 
37,16250,4,Looks amazing. adds a cozy touch. 
106,12738,4,Product matches description. 
112,13520,4,Looks sturdy and stylish. 
232,17287,5,Excellent experience overall. 
245,13138,5,Perfect item lovely design.
293,13088,5,Excellent craftsmanship love it!
322,14999,5,Very happy with the results. 
345,17058,5,Love the craftsmanship. 
68,14092,4,Very decent and worth it. 
132,15867,4,Good buy happy with it.
175,13408,5,Arrived early and looks fantastic! 
207,17690,5,Wonderful purchase experience. 
244,17581,5,Highly recommend great quality.
290,14396,5,Absolutely love it. 
108,17135,4,Pretty and neat. 
103,16634,4,Good product timely accessible.
129,15046,4,Great product for the price. 
148,17559,4,Arrived safely satisfied.
258,18168,5,Five stars highly recommend!
271,17396,5,Everything perfect thank you.
332,15525,5,Perfect piece great details.
67,15694,4,Good enough nice touch.
100,17757,4,Item as expected happy with it.
157,14069,4,Decent quality overall. 
170,17420,5,Charming and elegant piece 
204,16048,5,Superb item. 
223,13418,5,Love it! Great value for money. 
323,16012,5,Excellent craftsmanship. 
347,16002,5,Excellent quality thank you.
42,17920,4,Met expectations nicely. 
74,14901,4,Decent quality arrived safely.
76,15111,4,Arrived on time and looks nice. 
94,17412,4,Meets my expectations. 
126,13826,4,Good one matches description.
237,17964,5,Perfect item great value.
295,17847,5,Everything perfect and elegant. 
300,17467,5,Superb quality and finishing. 
313,14314,5,Love it so much! 
57,17643,4,Very decent and handy. 
72,15601,4,Happy with the design and texture. 
91,16203,4,Good buy decent quality.
125,17911,4,Product quality is good. 
169,18074,5,Exactly as pictured 
197,14594,5,Super happy with this purchase. 
201,17873,5,Excellent craftsmanship! 
217,12855,5,Fantastic build and finish! 
273,15240,5,Highly satisfied! 
213,13090,5,Great material and looks classy. 
288,17198,5,Excellent product overall. 
303,15581,5,Everything about it is perfect. 
308,17255,5,Truly love the design. 
327,15488,5,Perfect finishing smooth surface.
27,12600,3,It’s okay not great.
36,16098,4,Pretty design and durable material. 
62,13777,4,Nice and well packed. 
65,16835,4,Product is fine serves purpose.
99,13402,4,Nice item overall. 
246,15823,5,Superb product and smooth service. 
10,17841,3,Average quality for the price. 
20,17235,3,Okay not too great.
173,17511,5,Wonderful product 
319,18067,5,Highly pleased amazing piece.
330,15140,5,Very stylish and modern. 
49,17572,4,Pleased with my order. 
115,14680,4,Exactly as I hoped. 
184,16210,5,Perfect for my living room décor. 
185,17897,5,Very pretty and unique. 
188,12748,5,Fantastic item highly recommend.
226,15955,5,Beautiful and feels premium. 
278,14589,5,Looks premium and well finished. 
292,16090,5,Very satisfied with my order. 
299,15231,5,Excellent just as described.
302,16391,5,Exactly as I expected. 
16,14766,3,Average but okay for the price.
136,16442,4,Looks stylish decent feel.
139,14938,4,Product looks neat and clean. 
161,16768,4,Arrived safely looks great.
177,15862,5,Looks so cute on my shelf! 
192,17905,5,Delighted with this item! 
193,15485,5,Excellent quality and style. 
198,14911,5,Stylish and worth the money. 
250,17838,5,Arrived quickly no complaints.
269,17961,5,Superb craftsmanship. 
285,12682,5,Everything about it is great. 
314,17474,5,Very satisfied with my order. 
109,14213,4,Good experience overall. 
143,16725,4,Good packaging 
146,17894,4,Pretty good deal. 
153,17340,4,good product.
154,14242,4,Pretty item looks nice.
263,18239,5,Wonderful quality happy with it.
266,15093,5,Top quality and looks elegant. 
1,13748,3,Decent product but packaging could be better. 
18,15363,3,It’s fine but not my favorite. 
46,17377,4,nice design. 
51,14237,4,Value for money product. 
73,15658,4,Good finishing neat packaging.
90,17567,4,Exactly as shown. 
227,14390,5,Superb design totally love it.
243,13491,5,Truly satisfied with my purchase. 
309,17513,5,Perfect thank you!
333,18020,5,Outstanding product overall. 
104,14576,4,Met my expectations. 
156,15318,4,Matches perfectly with my decor. 
159,13541,4,Looks clean and beautiful. 
306,16846,5,Best quality I’ve received so far. 
32,17528,3,Average quality fine overall.
95,14775,4,nice products.
101,13798,4,Very handy and pretty. 
114,16891,4,Good deal for the cost. 
203,16928,5,Exactly what I needed! 
231,15923,5,Perfectly made love it!
249,16770,5,Very impressed with the quality. 
264,13145,5,Delighted everything perfect.
2,14527,3,Item okay 
40,15513,4,Works well and feels sturdy. 
48,15012,4,Item is nice and works well. 
130,14164,4,Good design nice texture.
234,17381,5,Delighted with my order! 
23,13295,3,Item fine but color slightly off. 
33,13047,4,Good quality and well-packed. 
122,16140,4,Good finishing looks neat.
123,12793,4,Arrived quickly looks good.
163,17830,4,Item good matches picture.
251,14829,5,So cute and stylish. 
294,16983,5,Truly premium look. 
326,16709,5,Product feels solid and premium. 
5,12791,3,Good but slightly overpriced. 
15,17855,3,Just okay not bad overall.
312,16653,5,Highly recommend this product. 
8,17951,3,Just fine nothing special.
35,17809,4,"Good purchase, worth the price. "
88,16186,4,Neatly finished looks premium.
219,13941,5,Excellent product loved it.
235,14180,5,Absolutely lovely so happy!
281,14210,5,Love it! Such a nice piece. 
26,12557,3,Okay item fair quality.
31,17926,3,Product okay not too bad.
44,13758,4,Really happy with this purchase. 
56,12472,4,Good but not extraordinary. 
270,14573,5,Love the product exactly as shown.
343,17123,5,Completely satisfied with this. 
348,13909,5,Very good experience. 
9,15525,3,Not bad could improve packaging.
96,15834,4,Good material and colors. 
241,15838,5,Everything about it is perfect. 
17,16244,3,Item smaller than expected. 
41,14045,4,Simple and elegant. 
138,15327,4,Happy with the outcome. 
140,13672,4,Nice design and quality. 
165,12583,5,"Perfect little gift item, highly recommend. "
218,14047,5,Everything about it is perfect. 
334,16008,5,Wonderful craftsmanship. 
147,14270,4,Looks elegant and cute. 
150,13390,4,Neat and fine design. 
279,17884,5,Fantastic buy very happy.
338,16760,5,Beautifully made and elegant. 
60,16274,4,Looks lovely in my kitchen. 
86,14449,4,Very practical and well made. 
93,17228,4,Looks great and feels nice. 
102,14264,4,Looks nice and practical. 
133,13057,4,Looks lovely decent packaging.
224,14388,5,Very cute and classy. 
284,17787,5,Great purchase loved it.
329,16573,5,Looks exactly as shown. 
11,12921,3,Item fine but shipping was late. 
24,12967,3,Not bad but could improve. 
128,17299,4,Neat finish decent packaging.
195,15350,5,Perfect! Matches my decor. 
254,15299,5,Top notch and stylish. 
262,16754,5,Absolutely beautiful product. 
304,16648,5,Great product reliable seller.
324,16168,5,Love the product! 
66,18011,4,Item arrived on time happy.
69,15752,4,Neatly packaged 
142,15135,4,Good texture and weight. 
253,12971,5,Beautiful and worth the money. 
256,14156,5,Exactly what I wanted! 
260,13011,5,Good packaging and quality product. 
268,17552,5,lovely item.
325,17422,5,Everything was perfect. 
341,16069,5,Wonderful item no defects.
28,12712,3,Item okay nothing special.
45,14849,4,Good quality item recommended.
78,14060,4,Looks adorable and matches my decor. 
98,14443,4,Good one satisfied.
134,14369,4,Happy with the look. 
274,16883,5,Perfect condition love it.
282,16013,5,Very happy with this! 
286,17954,5,Delightful purchase perfect size.
287,15373,5,Great value highly recommend.
296,15473,5,So beautiful would buy again!
307,15080,5,Awesome item arrived quickly.
328,14756,5,Superb packaging quality excellent.
83,16916,4,Met expectations nicely. 
191,14001,5,Top-notch quality and packaging. 
221,13108,5,Perfect quality arrived fast.
55,15165,4,Product was as expected. 
208,12947,5,Totally love this so cute!
233,15544,5,Exceeded expectations! 
242,16781,5,Stylish and solid. 
257,16995,5,Excellent service and quality. 
259,14625,5,Fantastic piece looks amazing.
267,16150,5,Very impressive piece. 
4,17924,3,Average experience. nothing special. 
29,15769,3,Average quality but okay. 
53,15605,4,Looks premium very nice.
85,17802,4,Good item well built.
116,14083,4,Overall a nice product. 
174,13747,5,Five stars for quality and look. 
212,13576,5,Excellent finish impressed.
335,14902,5,Very happy will buy again.
39,13767,4,Solid product 
97,15646,4,Serves the purpose well. 
144,17803,4,Product quality is decent. 
164,14523,4,Good purchase overall. 
180,12838,5,Beautifully made and worth every penny. 
311,18094,5,Excellent quality
344,13247,5,Awesome design and great finish. 
346,16616,5,Everything flawless perfect.
43,13255,4,no complaints. 
79,16752,4,Product quality is good. 
84,14466,4,Pretty decent product. 
131,12519,4,Good item arrived fine.
289,17238,5,Super happy with this one. 
305,14514,5,Perfectly crafted and neat. 
105,14865,4,Good finishing satisfied overall.
182,13694,5,Better than expected love it!
222,12471,5,Looks so beautiful and well made. 
239,15107,5,Top quality excellent finish.
272,14679,5,Top-notch product. 
70,17925,4,Pretty design looks durable.
120,14723,4,average item. 
205,14696,5,Perfect very high quality.
216,17732,5,Perfect gift idea loved by all.
240,17976,5,Love it so much ordering again!
342,16423,5,Love it! Everything perfect. 