CustomerID,Rating,Review
13047,4,Good quality and well-packed. 
12583,5,"Perfect little gift item, highly recommend. "
13748,3,Decent product but packaging could be better. 
15100,5,"Beautiful craftsmanship,I’ll buy again. "
15291,4,Product arrived on time and looks nice. 
14688,5,Very cute and just as described! 
17809,4,"Good purchase, worth the price. "
15311,5,Fantastic quality 
14527,3,Item okay 
16098,4,Pretty design and durable material. 
18074,5,Exactly as pictured 
17420,5,Charming and elegant piece 
16029,5,excellent packaging. 
16250,4,Looks amazing. adds a cozy touch. 
12431,5,Really good quality for the price. 
17511,5,Wonderful product 
17548,3,Not bad but could be improved. 
13705,4,Neat design and practical use. 
13747,5,Five stars for quality and look. 
13408,5,Arrived early and looks fantastic! 
13767,4,Solid product 
17924,3,Average experience. nothing special. 
13448,5,Impressive quality 
15862,5,Looks so cute on my shelf! 
15513,4,Works well and feels sturdy. 
12791,3,Good but slightly overpriced. 
16218,5,Stylish and affordable 
14045,4,Simple and elegant. 
14307,5,Perfect size and amazing finish. 
17920,4,Met expectations nicely. 
12838,5,Beautifully made and worth every penny. 
13255,4,no complaints. 
16583,3,"Average item, okay for the price. "
18085,5,Absolutely wonderful product. 
13758,4,Really happy with this purchase. 
13694,5,Better than expected love it!
15983,5,Outstanding craftsmanship and detail. 
14849,4,Good quality item recommended.
17968,3,Fair for the cost. 
16210,5,Perfect for my living room décor. 
17897,5,Very pretty and unique. 
17377,4,nice design. 
16552,5,Superb quality happy customer.
17181,4,Exactly as shown very decent.
17951,3,Just fine nothing special.
14729,5,Love this product ordering more!
12748,5,Fantastic item highly recommend.
15012,4,Item is nice and works well. 
12868,5,High quality and great price. 
17572,4,Pleased with my order. 
14078,5,Beautiful and charming! 
14001,5,Top-notch quality and packaging. 
12662,4,Good overall satisfied.
15525,3,Not bad could improve packaging.
14237,4,Value for money product. 
17905,5,Delighted with this item! 
15485,5,Excellent quality and style. 
12433,4,Very cute design well made.
16955,5,Wonderful finish and solid feel. 
15350,5,Perfect! Matches my decor. 
15605,4,Looks premium very nice.
18144,5,Fast service and lovely product. 
15922,4,Meets expectations perfectly. 
14594,5,Super happy with this purchase. 
15165,4,Product was as expected. 
14911,5,Stylish and worth the money. 
16456,5,Truly amazing item love it.
17841,3,Average quality for the price. 
12472,4,Good but not extraordinary. 
17346,5,Really impressed with quality. 
17643,4,Very decent and handy. 
17873,5,Excellent craftsmanship! 
13093,4,Happy with my order overall. 
12921,3,Item fine but shipping was late. 
13468,5,Love it! Beautifully made. 
17760,4,Quite satisfied nice piece.
16928,5,Exactly what I needed! 
16048,5,Superb item. 
16274,4,Looks lovely in my kitchen. 
14496,3,Okay but smaller than expected. 
14696,5,Perfect very high quality.
16539,4,Good one happy with it.
17025,5,Will definitely order again! 
13777,4,Nice and well packed. 
17690,5,Wonderful purchase experience. 
12947,5,Totally love this so cute!
17460,4,Good quality matches description.
18229,3,Average product but fair price. 
14142,5,Beautiful arrived quickly.
17069,4,Satisfied with the craftsmanship. 
13065,5,Five stars! Great quality. 
14606,5,Looks premium feels solid.
16835,4,Product is fine serves purpose.
15235,3,Expected slightly better. 
13576,5,Excellent finish impressed.
18011,4,Item arrived on time happy.
13090,5,Great material and looks classy. 
15694,4,Good enough nice touch.
14741,5,Really love it! Highly satisfied. 
13715,5,Exactly as expected 10/10.
14092,4,Very decent and worth it. 
17732,5,Perfect gift idea loved by all.
12855,5,Fantastic build and finish! 
15752,4,Neatly packaged 
17855,3,Just okay not bad overall.
14047,5,Everything about it is perfect. 
17925,4,Pretty design looks durable.
13941,5,Excellent product loved it.
17017,5,Happy customer will return.
14135,4,Good product exactly as described.
13108,5,Perfect quality arrived fast.
12471,5,Looks so beautiful and well made. 
15601,4,Happy with the design and texture. 
13418,5,Love it! Great value for money. 
14766,3,Average but okay for the price.
15658,4,Good finishing neat packaging.
14388,5,Very cute and classy. 
14901,4,Decent quality arrived safely.
18041,5,Wonderful experience overall. 
15955,5,Beautiful and feels premium. 
15070,4,Well worth the price. 
16244,3,Item smaller than expected. 
15111,4,Arrived on time and looks nice. 
14390,5,Superb design totally love it.
16546,5,Great quality nice craftsmanship.
15260,4,Good item no issues.
13305,5,Awesome purchase experience. 
14491,5,Really happy with this buy! 
14060,4,Looks adorable and matches my decor. 
15923,5,Perfectly made love it!
16752,4,Product quality is good. 
17287,5,Excellent experience overall. 
15363,3,It’s fine but not my favorite. 
12915,4,Very well packaged thank you.
15544,5,Exceeded expectations! 
15738,4,Arrived earlier than expected. 
16042,3,Just an okay product. 
17381,5,Delighted with my order! 
15827,4,Works as intended. 
14180,5,Absolutely lovely so happy!
13117,5,Five stars amazing quality.
16916,4,Met expectations nicely. 
17964,5,Perfect item great value.
14466,4,Pretty decent product. 
17235,3,Okay not too great.
16510,5,Looks awesome worth it.
17802,4,Good item well built.
15107,5,Top quality excellent finish.
17976,5,Love it so much ordering again!
14449,4,Very practical and well made. 
15838,5,Everything about it is perfect. 
16781,5,Stylish and solid. 
17547,4,Happy with this product. 
13491,5,Truly satisfied with my purchase. 
16186,4,Neatly finished looks premium.
17685,3,Product fine.
17581,5,Highly recommend great quality.
15732,4,Good for the price. 
13138,5,Perfect item lovely design.
15823,5,Superb product and smooth service. 
17567,4,Exactly as shown. 
15061,5,Love the texture and look. 
16203,4,Good buy decent quality.
15640,5,Really well designed and durable. 
15574,4,Good item fair price.
16770,5,Very impressed with the quality. 
17838,5,Arrived quickly no complaints.
17228,4,Looks great and feels nice. 
14829,5,So cute and stylish. 
17412,4,Meets my expectations. 
14031,5,Superb finishing looks elegant.
14775,4,nice products.
12971,5,Beautiful and worth the money. 
15834,4,Good material and colors. 
17659,3,Okay quality could be better.
15299,5,Top notch and stylish. 
15646,4,Serves the purpose well. 
13958,5,Great product lovely look.
14443,4,Good one satisfied.
14156,5,Exactly what I wanted! 
16995,5,Excellent service and quality. 
13402,4,Nice item overall. 
18168,5,Five stars highly recommend!
17757,4,Item as expected happy with it.
14625,5,Fantastic piece looks amazing.
13011,5,Good packaging and quality product. 
13798,4,Very handy and pretty. 
15384,5,Happy with the purchase. 
14264,4,Looks nice and practical. 
13295,3,Item fine but color slightly off. 
16754,5,Absolutely beautiful product. 
16634,4,Good product timely accessible.
18239,5,Wonderful quality happy with it.
14576,4,Met my expectations. 
13145,5,Delighted everything perfect.
14395,5,Perfect purchase love the design.
14865,4,Good finishing satisfied overall.
15093,5,Top quality and looks elegant. 
12738,4,Product matches description. 
16150,5,Very impressive piece. 
17552,5,lovely item.
14236,4,Product was well packed. 
17961,5,Superb craftsmanship. 
14573,5,Love the product exactly as shown.
17135,4,Pretty and neat. 
17396,5,Everything perfect thank you.
14213,4,Good experience overall. 
12967,3,Not bad but could improve. 
12686,4,Neat and clean look. 
14679,5,Top-notch product. 
15240,5,Highly satisfied! 
18225,4,Good value for the price. 
13370,3,Average product okay.
16883,5,Perfect condition love it.
13520,4,Looks sturdy and stylish. 
12841,5,Beautiful craftsmanship. 
16905,5,Very well designed and functional. 
12427,4,Arrived on time happy.
17967,5,Excellent quality and feel. 
16891,4,Good deal for the cost. 
14589,5,Looks premium and well finished. 
14680,4,Exactly as I hoped. 
17884,5,Fantastic buy very happy.
12557,3,Okay item fair quality.
14083,4,Overall a nice product. 
13013,5,Perfect couldn’t be happier.
14210,5,Love it! Such a nice piece. 
16477,4,Good product looks nice.
12600,3,It’s okay not great.
16013,5,Very happy with this! 
17949,4,Good one works fine.
12779,5,Superb quality. 
16926,4,Product is decent and elegant. 
17787,5,Great purchase loved it.
12682,5,Everything about it is great. 
14723,4,average item. 
17954,5,Delightful purchase perfect size.
17819,4,Looks cute and serves well. 
12712,3,Item okay nothing special.
15373,5,Great value highly recommend.
16140,4,Good finishing looks neat.
17198,5,Excellent product overall. 
17238,5,Super happy with this one. 
12793,4,Arrived quickly looks good.
15769,3,Average quality but okay. 
14396,5,Absolutely love it. 
14898,4,Good product and nice feel. 
16794,5,Looks amazing and feels durable. 
17911,4,Product quality is good. 
16090,5,Very satisfied with my order. 
13826,4,Good one matches description.
13088,5,Excellent craftsmanship love it!
14604,4,okayish item.
16983,5,Truly premium look. 
17847,5,Everything perfect and elegant. 
17299,4,Neat finish decent packaging.
15473,5,So beautiful would buy again!
16485,5,Love how well it’s made. 
15046,4,Great product for the price. 
16621,5,Five stars worth it.
15231,5,Excellent just as described.
14164,4,Good design nice texture.
17734,3,It’s okay but color slightly off. 
12519,4,Good item arrived fine.
17467,5,Superb quality and finishing. 
14693,5,Truly elegant and modern. 
15867,4,Good buy happy with it.
16391,5,Exactly as I expected. 
13057,4,Looks lovely decent packaging.
15581,5,Everything about it is perfect. 
16648,5,Great product reliable seller.
14369,4,Happy with the look. 
14514,5,Perfectly crafted and neat. 
16846,5,Best quality I’ve received so far. 
13554,4,Good purchase no issues.
17926,3,Product okay not too bad.
15080,5,Awesome item arrived quickly.
16442,4,Looks stylish decent feel.
17255,5,Truly love the design. 
17513,5,Perfect thank you!
14507,4,Good finishing and size. 
13710,5,Beautiful matches perfectly.
15327,4,Happy with the outcome. 
18094,5,Excellent quality
16653,5,Highly recommend this product. 
14938,4,Product looks neat and clean. 
14314,5,Love it so much! 
17474,5,Very satisfied with my order. 
13672,4,Nice design and quality. 
17037,5,Perfect condition very satisfied.
17762,5,Superb craftsmanship flawless.
15993,4,good products
14471,5,Exactly what I needed. 
17264,5,Very nice and practical. 
15135,4,Good texture and weight. 
18067,5,Highly pleased amazing piece.
16725,4,Good packaging 
13862,5,Stylish and strong. 
15503,5,Looks premium and neat. 
17803,4,Product quality is decent. 
14999,5,Very happy with the results. 
14293,4,Met expectations well. 
16012,5,Excellent craftsmanship. 
16168,5,Love the product! 
17894,4,Pretty good deal. 
17422,5,Everything was perfect. 
14270,4,Looks elegant and cute. 
16709,5,Product feels solid and premium. 
15488,5,Perfect finishing smooth surface.
17559,4,Arrived safely satisfied.
14756,5,Superb packaging quality excellent.
13084,4,Good product fair price.
16573,5,Looks exactly as shown. 
13390,4,Neat and fine design. 
15140,5,Very stylish and modern. 
14634,4,Item as described happy.
15226,5,Everything top quality. 
15525,5,Perfect piece great details.
17862,4,Value for money good one.
18020,5,Outstanding product overall. 
17340,4,good product.
16008,5,Wonderful craftsmanship. 
14902,5,Very happy will buy again.
14242,4,Pretty item looks nice.
13597,5,Excellent and long lasting. 
17531,5,Totally worth it! 
14141,4,Good products
16760,5,Beautifully made and elegant. 
15318,4,Matches perfectly with my decor. 
17671,5,Highly impressed with this. 
16936,5,Perfectly packed and premium. 
14069,4,Decent quality overall. 
17497,4,Exactly as I wanted. 
16069,5,Wonderful item no defects.
16423,5,Love it! Everything perfect. 
13541,4,Looks clean and beautiful. 
17528,3,Average quality fine overall.
17123,5,Completely satisfied with this. 
15333,4,Product feels sturdy. 
13247,5,Awesome design and great finish. 
16768,4,Arrived safely looks great.
17058,5,Love the craftsmanship. 
16616,5,Everything flawless perfect.
17722,4,product okay.
16002,5,Excellent quality thank you.
13909,5,Very good experience. 
17830,4,Item good matches picture.
14277,5,Perfect design amazing value.
14523,4,Good purchase overall. 